11,14,22,20,15,13,15,24,11,13,21,19,26,10,22,22,24,20,14,21,15,20,9,20,21,20,20,13,23,26,24,22,11,12,20,14,14,9,22,23,22,22,9,20,11,11,21,22,26,19,10,15,7,10,11,26,22,9,19,22
12,15,26,19,23,12,20,19,19,20,22,10,9,13,20,24,19,9,10,24,12,9,10,21,23,20,11,23,24,9,9,7,13,7,21,22,12,20,9,20,13,19,23,12,12,20,10,24,14,22,21,24,9,22,13,20,21,13,14,23
21,24,26,22,24,20,13,19,12,12,13,19,21,7,14,15,7,26,20,21,12,26,24,21,26,10,24,12,23,11,12,10,13,7,10,12,26,20,11,9,12,7,12,9,22,11,10,10,9,26,24,24,20,10,22,14,11,26,14,23
19,9,24,11,11,20,12,9,23,26,13,14,13,22,15,11,13,24,24,12,26,13,26,7,12,11,11,21,12,22,12,26,23,22,9,12,19,7,11,11,24,15,15,26,9,7,13,19,24,9,10,14,26,26,21,7,19,10,11,26
13,19,11,14,10,11,12,19,19,13,19,15,15,13,13,9,26,23,11,14,26,26,21,22,26,11,20,22,23,9,24,26,9,15,9,23,24,12,20,20,14,7,20,24,15,21,26,19,11,10,7,23,19,24,22,19,15,24,14,15
11,21,10,21,7,24,26,15,7,7,20,24,15,10,21,21,7,14,14,7,11,21,10,19,13,26,26,13,13,15,13,21,9,13,21,24,11,22,23,19,13,13,15,11,15,7,23,26,23,9,23,7,10,12,24,13,13,12,9,20
24,20,12,9,10,15,11,20,14,7,23,9,19,21,24,26,20,24,15,26,13,14,15,10,22,26,9,14,24,10,7,14,12,26,23,19,13,12,15,22,13,23,12,7,15,11,12,10,15,26,23,23,10,26,24,11,7,23,11,10
26,20,9,12,13,22,10,21,23,11,10,24,21,12,14,23,14,26,11,21,23,9,24,15,13,22,19,11,19,9,12,13,20,13,21,14,20,26,23,11,21,21,19,21,24,15,24,10,20,14,11,15,23,24,21,26,26,24,9,26
23,9,26,19,14,15,13,19,9,15,22,20,9,14,21,15,22,19,23,24,9,21,22,20,24,20,12,15,26,9,15,10,23,23,7,19,7,26,7,11,10,19,19,12,11,24,19,10,11,22,14,11,24,20,21,23,15,23,24,14
15,15,24,19,14,10,15,24,13,12,9,14,21,24,14,11,12,20,9,15,26,20,7,19,22,11,12,26,14,13,9,13,13,22,19,23,11,19,19,12,23,13,19,10,12,20,9,13,23,20,26,21,22,15,9,12,9,19,12,9
15,22,20,26,19,23,26,9,13,13,24,19,19,13,11,24,11,10,20,19,22,22,22,12,10,14,21,15,19,15,26,11,15,7,11,13,11,7,22,24,12,12,26,11,13,21,13,23,22,22,9,24,23,14,13,23,12,20,9,11
12,7,14,23,20,13,10,19,14,26,21,12,12,7,19,26,24,24,23,26,7,9,7,24,26,10,22,23,11,19,13,24,22,26,7,22,23,23,15,26,11,11,9,10,23,22,12,26,20,24,21,21,10,20,12,19,23,24,24,9
9,7,12,19,21,7,19,12,10,13,12,11,13,15,21,14,12,13,15,22,10,11,9,10,11,7,9,23,19,21,10,10,21,13,15,12,12,9,11,15,26,7,12,14,22,26,7,10,26,19,21,21,21,9,21,21,24,7,22,9
20,11,15,24,20,23,19,15,19,13,24,19,13,12,12,11,9,20,7,7,24,13,21,9,26,23,11,11,26,23,19,26,10,21,10,13,7,14,24,7,9,20,15,7,19,10,13,26,7,21,23,13,20,21,24,14,14,19,13,15
14,9,24,24,14,13,9,20,15,12,19,13,23,26,23,14,11,14,13,7,14,21,11,20,21,14,10,11,7,13,10,12,26,22,9,24,20,9,24,20,20,23,21,23,24,26,14,7,14,9,7,14,9,26,10,20,22,22,24,23
11,13,10,20,9,23,15,13,11,24,7,7,7,21,13,13,13,11,20,9,13,14,20,23,22,14,22,12,7,11,21,19,20,20,24,23,19,21,24,10,19,11,13,14,22,7,7,20,7,9,14,26,11,14,23,24,26,10,24,23
19,23,15,15,11,20,15,12,14,9,22,12,19,15,7,24,26,26,24,22,12,19,22,26,26,23,24,22,13,15,22,21,21,21,12,20,24,14,13,13,26,10,9,22,9,15,24,24,15,21,19,9,24,22,10,10,26,24,24,9
21,22,21,10,19,9,19,22,23,9,26,20,22,21,12,15,12,20,22,11,24,10,24,26,15,12,19,11,14,21,11,22,24,22,26,12,9,11,10,21,24,22,14,24,13,20,12,11,12,7,19,10,22,9,21,20,10,15,12,22
7,9,11,7,23,10,13,22,21,11,20,13,9,13,15,21,12,21,26,21,11,11,22,9,21,14,10,26,12,23,24,20,11,14,23,24,7,13,23,24,24,11,11,12,21,10,20,7,20,24,15,23,12,20,26,22,11,7,24,11
20,24,15,14,9,19,22,13,15,23,13,9,9,24,19,14,22,14,22,14,14,19,22,13,11,10,9,7,19,23,10,19,7,7,10,13,9,20,12,24,21,15,20,21,20,10,24,22,14,9,26,10,15,20,15,14,15,11,10,13
21,19,15,14,14,11,20,19,10,10,21,21,21,20,9,14,21,26,11,21,13,23,19,23,11,14,13,7,13,14,22,15,22,22,20,19,26,24,14,14,12,19,20,21,10,12,15,22,22,9,11,22,13,19,26,24,10,10,10,14
15,15,19,9,11,14,21,19,24,9,20,10,20,11,15,10,7,23,21,22,13,12,26,10,21,10,12,10,10,24,20,10,23,10,7,13,14,9,20,19,21,7,20,13,26,22,23,20,20,26,24,22,9,9,15,12,19,11,13,14
26,21,21,15,11,19,26,26,21,12,22,26,7,12,21,10,15,7,19,14,12,9,13,11,22,7,26,13,19,12,10,21,21,11,23,15,15,21,23,11,10,19,23,22,11,22,7,22,7,13,21,10,23,9,21,15,20,19,15,24
22,9,22,26,13,24,10,7,19,23,20,11,9,20,7,12,14,23,14,7,19,21,10,22,10,20,13,20,22,12,19,22,15,15,11,12,19,9,20,26,22,9,24,7,23,22,24,12,20,24,21,24,23,24,24,23,20,12,10,15
22,11,23,24,19,20,12,9,26,22,21,24,13,14,23,21,7,20,9,12,23,9,14,12,15,7,13,10,22,24,7,7,19,22,11,20,9,11,19,19,10,14,9,7,10,9,13,23,12,7,7,19,13,15,7,7,11,9,12,23
20,19,12,13,22,20,7,10,22,9,23,20,20,13,24,20,10,9,22,26,20,12,9,9,21,24,22,9,26,19,15,21,14,10,10,7,21,20,12,14,21,14,7,26,13,14,26,13,24,13,12,7,22,21,9,13,9,19,10,24
14,20,15,23,24,9,23,23,21,26,23,14,10,19,20,22,26,23,22,24,9,24,26,21,13,19,20,15,14,21,26,10,7,20,9,21,7,7,22,15,11,11,22,21,13,24,22,11,21,12,11,26,13,19,19,7,13,24,13,15
14,13,13,19,21,14,11,10,15,24,22,20,13,15,7,9,10,9,24,7,26,7,12,24,10,12,24,23,12,10,21,15,23,13,23,14,22,10,13,12,21,21,7,15,26,23,9,11,22,20,21,9,12,7,19,19,12,11,22,12
26,14,23,20,26,22,7,26,22,15,26,19,26,19,19,13,10,23,26,14,21,11,12,13,20,23,15,10,19,14,11,20,21,11,9,15,11,23,10,14,21,22,10,26,14,7,15,23,24,21,26,10,14,14,22,14,22,19,19,24
11,21,7,14,7,21,15,20,21,26,24,22,14,9,10,22,19,11,14,7,26,12,19,7,14,15,9,19,22,15,10,26,26,13,24,21,9,26,21,24,10,15,12,11,9,13,7,10,21,12,26,9,22,21,11,11,13,14,13,14
20,14,12,10,10,21,19,26,26,20,21,24,15,14,12,13,22,15,19,23,23,9,15,26,12,10,20,22,22,12,14,9,9,23,7,26,24,21,21,20,22,14,22,19,21,19,22,24,24,23,22,24,11,24,9,11,26,13,19,7
20,12,24,13,19,14,20,24,24,12,23,23,21,10,15,24,11,20,21,22,12,13,7,26,19,11,9,11,9,12,14,23,20,9,14,24,20,10,24,19,12,11,14,20,21,20,20,13,24,24,15,20,20,26,15,10,26,11,21,9
12,10,7,11,14,12,15,9,24,19,20,11,7,26,7,11,21,10,21,21,21,24,12,10,15,20,26,15,20,19,11,21,9,20,15,19,11,11,21,21,22,23,14,9,24,12,12,21,15,11,23,9,20,9,12,12,20,22,9,15
21,14,15,10,26,22,22,20,13,14,10,11,13,19,26,7,26,10,21,22,21,14,26,15,9,20,10,11,23,15,7,19,14,22,11,20,14,11,26,13,26,20,12,11,20,21,15,26,23,10,23,10,13,19,21,13,11,11,10,12
13,23,13,23,23,7,20,23,21,26,10,14,14,21,10,13,24,24,10,24,20,23,21,22,21,20,10,26,22,24,21,14,12,24,9,14,7,23,13,7,19,20,22,21,12,19,12,20,11,9,11,13,7,21,9,19,11,11,12,12
23,23,9,24,14,12,11,24,10,20,19,13,15,14,9,14,7,14,21,19,24,20,22,26,21,22,22,13,14,14,11,22,10,12,19,23,21,20,20,11,24,7,13,22,20,20,20,15,19,13,9,9,7,19,7,20,7,20,12,24
20,7,14,19,15,23,11,11,24,22,21,13,19,14,7,22,9,10,22,10,9,23,15,13,13,26,13,21,11,11,7,23,26,10,15,9,10,11,15,22,23,19,26,10,10,20,14,13,15,14,14,13,23,12,24,24,21,11,23,24
19,24,21,13,10,21,11,11,7,10,12,23,15,23,14,15,20,19,14,20,10,13,26,11,20,10,19,23,10,22,24,11,26,12,11,21,22,12,12,7,22,22,23,11,11,14,24,26,20,7,26,22,19,26,14,11,24,9,19,11
20,15,14,13,15,22,12,13,9,20,21,14,12,10,20,21,21,26,20,21,21,21,23,20,21,26,22,21,19,22,26,7,23,19,9,13,9,22,9,12,20,13,11,10,13,24,13,24,22,20,19,19,26,15,10,12,9,26,12,11
19,7,12,26,24,26,10,26,13,26,15,7,11,7,24,7,13,21,11,14,26,15,12,10,23,21,26,11,21,14,26,10,23,24,23,19,21,19,21,22,20,23,10,10,14,21,7,21,23,10,26,22,20,26,23,11,7,13,24,19
21,19,15,20,10,12,9,9,26,15,11,20,10,11,23,14,26,14,15,11,15,23,22,23,14,20,26,12,15,9,9,13,12,20,22,10,22,21,13,23,12,22,21,21,15,24,20,12,12,7,12,7,11,7,9,23,19,10,13,21
7,24,26,24,23,14,19,11,15,10,21,20,13,21,10,24,12,10,10,12,12,11,22,23,15,11,26,24,26,7,9,9,23,24,15,23,10,23,20,24,24,23,13,23,7,20,7,19,24,23,15,9,20,11,10,11,14,12,24,23
19,13,20,23,14,21,21,22,12,12,10,22,7,20,23,12,12,9,21,10,11,14,11,9,26,20,20,14,26,9,9,9,21,11,21,11,7,12,24,7,24,9,24,21,12,11,19,26,24,14,20,19,20,11,23,15,23,23,22,11
10,20,12,26,10,20,15,9,11,19,22,13,11,19,12,13,21,23,22,23,22,19,12,14,12,10,10,23,11,13,13,26,7,24,21,23,26,26,12,12,14,10,26,11,20,23,11,13,24,7,11,22,26,22,7,26,7,22,20,9
15,10,14,11,12,12,21,23,23,14,9,22,26,10,13,11,11,19,13,7,11,19,13,7,22,9,12,15,11,22,22,14,26,21,15,15,7,7,22,10,23,26,12,26,20,24,13,15,19,7,15,14,20,11,10,20,23,12,23,11
14,22,14,15,14,14,10,12,19,21,11,22,10,14,11,22,13,13,26,23,7,20,20,14,24,11,21,7,12,20,12,26,26,12,24,10,22,26,23,14,14,10,19,13,24,14,11,21,21,12,19,11,24,10,22,20,11,15,19,15
11,21,10,23,26,9,24,11,7,23,7,20,7,26,26,15,15,19,21,26,26,12,9,15,22,14,19,21,21,21,26,11,24,24,12,24,24,10,21,9,13,19,9,23,11,23,19,22,12,19,14,20,12,13,12,14,7,22,24,9
23,22,24,19,22,22,7,20,9,22,15,23,20,23,24,9,12,22,24,20,9,7,23,7,23,11,22,21,10,9,9,10,19,7,21,19,26,23,15,7,20,19,19,23,26,11,21,13,24,15,22,26,10,23,14,9,26,20,12,12
14,22,24,15,19,20,10,21,13,26,9,21,14,10,15,7,24,15,19,26,20,7,12,22,23,21,7,10,11,21,11,21,24,19,21,10,10,24,12,15,13,23,11,23,23,24,7,13,13,9,22,9,11,19,10,26,20,11,11,14
24,7,7,26,24,12,10,21,7,9,9,7,24,20,26,19,11,11,22,12,11,15,20,10,26,15,26,24,9,7,7,13,24,12,10,21,15,23,15,21,10,21,11,19,20,10,24,9,20,23,9,13,7,13,13,21,7,26,11,10
7,10,7,20,20,24,19,22,12,24,22,24,24,20,12,15,14,20,23,9,21,10,22,23,11,14,7,15,13,14,22,15,24,9,24,22,24,14,15,15,22,22,15,9,20,23,15,7,26,21,9,26,12,22,7,19,11,19,23,21
21,10,9,9,7,10,14,9,20,7,12,20,7,10,7,9,24,11,24,26,22,19,26,19,22,14,10,26,21,23,13,13,12,12,14,22,7,20,15,20,9,9,22,26,19,13,9,26,19,12,9,12,10,7,19,10,10,24,9,22
22,9,9,9,13,15,12,10,12,13,19,15,11,9,26,26,11,26,26,15,20,14,23,12,15,9,21,9,11,23,9,12,12,22,24,11,23,24,10,24,12,7,24,26,26,26,21,20,21,20,12,23,20,21,10,12,11,19,10,26
23,19,22,23,22,10,26,15,12,21,11,14,10,14,15,20,23,7,12,11,19,10,12,10,14,26,23,11,10,20,15,10,23,10,24,21,12,19,14,13,14,7,20,21,14,23,13,9,13,20,23,12,14,19,10,20,14,21,14,7
13,9,9,15,11,26,7,22,9,11,12,15,12,19,21,24,20,11,12,26,13,11,24,26,9,19,21,14,22,21,12,15,19,9,14,9,21,7,26,9,19,13,15,20,20,10,20,13,19,24,9,10,20,7,14,12,20,22,19,26
13,9,19,21,21,7,12,24,13,7,10,21,20,14,9,21,14,24,26,11,12,15,15,13,11,24,21,15,21,24,19,7,22,9,19,15,12,19,20,22,11,11,22,23,20,23,20,12,21,14,14,19,13,11,11,10,24,15,11,19
24,11,10,15,14,15,13,11,7,21,11,11,20,12,11,19,26,13,21,19,24,24,7,21,7,7,21,11,12,11,10,11,12,26,23,24,14,11,23,9,13,20,22,9,21,14,11,11,14,9,19,26,9,10,19,22,26,13,21,22
13,26,14,15,10,24,21,13,22,23,23,13,20,22,23,15,22,20,10,10,26,15,14,15,14,23,19,23,14,14,7,19,23,14,24,23,13,20,14,14,19,19,20,20,23,21,13,22,12,19,20,15,11,13,10,9,10,9,11,21
9,26,19,15,14,23,15,15,7,7,7,15,14,15,19,9,23,22,23,21,23,26,21,13,9,15,14,22,26,20,19,20,15,14,10,23,21,23,26,20,11,12,23,22,9,11,7,7,26,23,24,11,22,15,12,11,21,20,10,24
12,26,11,20,23,26,19,20,19,13,13,20,12,9,9,7,11,23,12,19,15,22,24,10,19,11,19,13,15,21,14,12,14,23,19,23,21,26,22,26,7,19,10,10,9,13,24,12,26,12,24,26,24,26,22,20,12,11,10,21
10,26,26,13,19,11,22,20,21,19,23,10,10,13,22,20,7,14,7,19,9,14,26,24,10,13,12,26,14,22,24,11,14,13,20,15,7,24,14,20,26,22,9,19,21,11,22,13,23,10,9,7,19,14,20,9,14,13,22,21
13,11,13,12,24,10,26,22,20,15,9,7,22,22,15,11,7,23,14,9,7,10,23,23,20,19,23,19,21,19,12,23,26,12,9,7,14,14,12,22,9,12,20,19,23,24,12,15,12,9,9,10,19,26,26,20,22,24,24,10
20,21,23,13,11,7,14,21,26,21,21,14,9,24,11,26,24,10,14,7,24,12,12,11,23,22,26,13,15,23,9,15,23,26,15,26,11,13,14,21,11,20,7,9,10,22,22,12,14,23,26,19,20,23,24,22,12,12,24,12
24,24,15,12,20,13,11,22,20,24,12,13,13,7,9,20,11,7,13,19,9,14,20,7,12,9,14,12,19,9,9,19,19,10,24,10,14,13,14,20,13,7,12,23,10,14,7,15,11,11,13,12,21,9,20,20,10,26,14,11
20,14,19,26,20,26,12,12,9,11,21,20,23,26,13,13,21,13,14,7,9,21,24,22,11,19,13,12,15,11,19,13,19,26,9,11,9,26,9,21,13,24,26,20,23,11,22,11,15,21,10,11,24,22,9,15,7,14,20,11
9,7,23,11,22,13,14,23,14,13,11,13,15,22,23,12,21,10,9,26,11,22,24,22,20,21,9,21,11,12,7,24,10,7,13,19,11,19,26,15,15,20,26,13,23,24,19,7,24,14,19,19,19,11,23,11,9,24,10,15
22,15,26,23,24,14,23,12,9,19,20,22,10,14,24,13,7,22,14,13,11,19,10,24,23,20,14,19,23,19,9,13,19,14,26,7,21,26,14,9,12,23,15,15,21,12,20,21,19,11,20,15,10,9,13,15,9,23,20,11
9,22,20,22,20,23,12,13,24,7,22,15,13,13,23,15,20,20,22,14,13,9,12,21,13,15,12,26,24,15,26,20,15,10,19,24,22,24,20,11,13,7,11,21,7,9,14,21,15,21,12,7,13,10,10,7,23,13,10,22
22,11,12,26,26,10,7,26,7,14,13,21,7,13,24,10,23,15,10,19,10,7,21,10,24,26,19,14,14,12,21,13,22,24,22,10,21,11,22,22,13,15,21,24,12,13,14,26,24,24,15,10,11,10,14,10,26,20,26,15
10,7,20,7,11,14,7,19,14,13,22,21,23,10,9,23,7,21,14,14,19,19,22,23,19,13,10,7,21,20,7,7,12,19,26,24,26,9,15,11,7,14,13,21,26,19,10,22,22,10,22,9,21,10,7,24,26,23,22,12
11,11,11,9,10,14,15,11,19,26,21,24,15,24,11,15,26,14,12,14,9,10,13,14,13,12,26,21,23,19,21,24,12,7,19,26,21,24,9,12,13,11,26,10,10,10,22,26,12,9,7,12,15,9,26,12,21,11,21,12
9,23,10,7,12,14,15,22,11,7,11,12,10,10,23,13,12,19,10,26,19,11,15,20,19,11,15,10,13,21,11,11,13,24,19,14,19,10,20,26,21,20,20,26,9,7,23,19,12,21,22,24,13,26,10,9,19,19,14,10
26,15,15,15,26,19,7,12,10,22,7,14,14,23,11,15,24,23,24,22,9,7,23,15,10,15,22,15,14,13,24,10,22,11,19,9,9,20,26,14,12,21,12,10,23,21,11,14,10,13,12,9,22,14,26,13,22,21,14,12
26,7,22,24,13,13,10,12,26,14,22,20,13,7,24,24,14,7,21,11,21,9,11,20,20,9,26,19,10,11,14,15,26,19,13,26,10,11,10,14,14,12,20,11,22,13,20,15,10,20,12,12,13,7,24,19,19,21,24,24
15,10,10,13,9,19,12,22,10,7,12,11,19,13,14,26,22,26,11,14,21,10,11,21,19,21,26,23,13,10,26,26,7,26,24,19,23,19,15,20,21,26,12,12,13,22,24,23,20,12,21,7,12,21,10,9,10,9,15,13
10,13,14,11,11,12,11,11,7,12,9,14,14,19,10,13,15,15,9,23,23,24,13,14,24,10,14,24,22,7,7,15,21,10,13,12,15,20,9,11,7,15,21,7,22,20,26,22,23,22,11,21,14,23,14,14,10,13,15,21
19,22,22,12,26,12,14,15,15,21,11,14,26,11,23,14,24,10,10,10,7,24,14,7,24,21,24,11,11,14,9,10,26,12,14,26,14,23,9,19,19,10,20,26,21,12,10,11,7,12,15,15,23,15,10,23,24,20,22,24
23,12,9,11,22,9,10,26,15,26,26,10,19,21,19,7,15,14,14,12,26,12,20,9,10,13,19,19,15,24,9,13,24,23,12,21,13,9,13,11,7,19,26,11,21,24,19,12,13,20,20,15,22,19,7,26,11,10,9,9
23,26,7,13,21,10,19,9,14,23,14,21,7,10,26,11,20,13,23,20,12,21,11,23,10,10,23,10,10,15,10,10,23,9,14,7,9,14,24,15,20,10,12,9,19,9,15,26,9,11,24,9,23,21,15,9,21,20,15,14
20,26,26,26,23,12,10,23,15,19,9,11,11,24,12,20,12,24,9,12,26,11,14,15,12,13,22,13,7,15,11,11,26,12,20,15,20,22,10,12,12,11,11,19,23,7,22,10,24,7,24,23,14,15,24,26,9,10,19,20
14,19,15,20,26,23,26,10,14,11,19,20,24,19,15,19,24,26,20,21,22,14,7,24,11,19,12,21,13,10,13,14,9,9,10,20,24,20,22,19,13,10,14,23,20,10,26,20,26,14,7,24,19,13,21,14,15,12,22,22
15,7,20,23,26,13,19,13,22,22,26,22,7,11,23,21,24,26,15,15,15,21,23,13,12,19,23,26,23,7,13,12,23,13,12,22,12,26,13,21,21,22,7,24,26,21,15,13,13,22,26,26,20,15,13,10,14,13,11,26
9,22,13,9,24,14,15,24,22,13,23,26,24,26,11,13,7,13,9,22,19,13,26,20,12,20,11,26,12,13,20,26,10,26,10,24,7,12,9,12,15,9,26,12,19,11,15,26,11,7,9,19,10,19,23,23,12,13,15,21
20,9,23,19,20,21,14,11,24,11,22,19,14,13,26,9,24,15,20,13,23,13,11,20,10,13,15,26,14,13,7,12,10,9,10,22,20,19,12,10,14,7,19,15,24,22,14,14,14,11,26,13,15,26,15,26,19,20,15,13
7,12,7,14,13,10,14,9,21,24,11,9,13,15,22,14,12,23,13,13,23,24,23,22,7,13,12,7,19,26,12,26,24,24,20,11,20,26,11,24,21,9,23,15,19,20,20,7,14,7,26,26,26,24,15,15,23,23,21,20
26,14,12,7,22,10,12,9,24,23,11,11,19,24,22,22,10,10,10,26,20,12,9,24,23,22,26,15,20,19,20,23,9,15,15,21,14,12,10,20,26,15,9,14,14,15,12,10,9,13,11,7,19,7,11,14,12,23,14,14
19,19,7,12,10,14,19,9,12,23,7,14,9,23,11,22,15,19,9,20,7,12,19,11,10,26,24,19,21,15,12,21,11,9,22,13,14,21,9,22,11,7,9,13,11,15,20,20,22,23,9,14,20,20,10,26,21,13,7,12
12,11,21,20,21,15,7,14,12,20,10,7,23,15,9,9,14,20,11,23,22,24,12,26,23,12,13,11,21,10,22,21,13,9,21,13,15,24,21,13,12,22,26,11,26,22,9,23,23,24,24,15,19,11,24,12,10,13,20,22
22,7,21,14,13,9,11,14,10,21,9,15,24,15,23,26,19,19,7,21,10,12,23,26,15,19,12,12,7,7,26,21,21,26,10,23,20,10,10,20,23,14,13,26,7,20,23,12,23,24,12,26,22,23,23,14,19,14,22,13
20,24,11,21,7,13,7,12,15,12,12,26,21,24,26,9,19,24,26,26,13,20,11,23,14,10,11,14,15,20,21,9,22,10,7,12,19,23,9,19,15,9,22,11,22,21,15,11,23,14,14,22,7,21,26,19,21,12,14,21
22,22,19,24,10,19,15,19,23,22,9,19,23,13,21,20,10,11,20,15,20,9,11,14,22,14,19,26,20,19,15,9,24,15,23,22,24,10,22,13,15,21,19,26,24,15,21,9,21,20,22,13,13,12,14,21,19,10,7,14
19,22,12,15,22,9,14,19,24,7,15,19,26,15,13,10,22,20,14,21,23,21,14,19,13,12,15,7,13,12,19,11,11,15,24,26,14,13,24,26,10,21,9,21,24,20,15,10,14,14,22,24,12,14,23,23,19,13,12,19
14,13,7,23,22,19,7,11,19,14,11,21,11,11,20,22,12,20,20,14,15,12,26,9,19,13,15,11,7,23,15,26,7,12,20,7,26,11,14,13,10,12,20,20,21,12,26,12,19,9,26,15,23,12,10,20,21,10,15,13
11,24,14,7,13,15,21,15,9,24,11,14,26,9,23,22,14,7,14,14,14,22,21,14,23,11,23,22,9,24,22,23,12,7,15,19,20,7,20,24,24,23,21,15,22,12,26,10,7,11,24,23,9,19,9,21,26,19,23,11
26,9,11,9,11,22,23,20,9,20,11,9,7,21,11,19,20,14,14,7,24,22,9,22,21,24,15,15,9,15,15,26,13,10,12,15,10,23,20,22,10,13,20,20,14,7,21,22,9,23,10,15,26,14,22,26,19,22,26,21
11,7,19,14,15,24,24,11,24,23,10,15,9,19,24,19,22,15,12,9,26,7,13,19,12,11,7,24,13,24,10,20,9,10,19,14,26,11,19,13,7,26,19,12,14,15,26,7,9,10,22,24,9,22,12,19,10,23,22,23
19,20,24,15,24,20,23,21,23,14,7,9,23,15,7,7,24,12,12,10,10,19,14,24,11,22,24,12,24,22,21,14,15,7,12,7,22,10,11,7,14,10,9,20,19,11,7,11,13,13,21,11,12,22,19,7,21,10,21,11
7,14,7,11,23,14,26,14,22,11,20,12,12,9,20,11,23,22,24,23,21,14,15,14,21,21,11,24,23,26,26,7,9,7,13,12,11,10,7,7,24,24,10,26,12,9,26,9,24,15,21,10,26,22,13,14,24,24,15,19
9,23,11,24,12,23,24,20,26,19,21,26,19,15,11,14,21,20,19,7,24,15,26,12,13,14,23,26,7,23,23,19,12,13,10,9,13,21,9,24,14,21,22,23,15,22,12,9,9,26,10,7,20,24,9,19,23,13,23,9
12,13,23,22,19,21,23,13,24,23,15,19,23,9,10,26,10,26,10,11,22,20,23,19,9,7,26,15,19,23,21,19,7,21,10,11,14,22,7,26,26,23,9,9,24,15,26,22,20,10,23,11,12,24,26,7,14,13,9,9
